,gpos,gquat,npss
2,0.17165610194206238,0.13249154388904572,0.0014725710328252052
3,0.17165613174438477,0.1324915736913681,0.0014725699202272134
4,0.17165611684322357,0.13249154388904572,0.00147256842087923
5,0.17165613174438477,0.1324915587902069,0.0014725676794293719
